[
  {
    "value": "Vintage Typewriter",
    "synonyms": [
      "Vintage Typewriter"
    ]
  },
  {
    "value": "Terrarium",
    "synonyms": [
      "Terrarium"
    ]
  },
  {
    "value": "Film Camera",
    "synonyms": [
      "Film Camera"
    ]
  },
  {
    "value": "Vintage Record Player",
    "synonyms": [
      "Vintage Record Player"
    ]
  },
  {
    "value": "Vintage Camera Lens",
    "synonyms": [
      "Vintage Camera Lens"
    ]
  },
  {
    "value": "product_name",
    "synonyms": [
      "product_name"
    ]
  }
]